Workbook

Sheet Léeme
A1: Revisión de la primera versión del libro
A3: Qué es | B3: Evaluación y rehabilitación en otorrinolaringología, primera versión completa en dos tomos. Te pedimos leer lo tuyo, evaluarlo y anotar tus observaciones en este Excel.
A4: Qué recibes | B4: libro-tomo-I.pdf (bases y caja de herramientas: capítulos B y H). libro-tomo-II.pdf (capítulos clínicos 1 a 38). Este Excel (tus tareas y tus observaciones). protocolo_vs_libro.xlsx (dónde el protocolo ORL 2019, las clases y el libro no dicen lo mismo).
A5: Tu hoja | B5: Busca la pestaña con tu apellido. Arriba están tus tareas, con el tomo, el capítulo y las páginas del PDF; abajo, la tabla para tus observaciones.
A6: Cómo marcar | B6: En "Estado" elige Pendiente, En curso o Listo. En "Comentario" anota lo general de esa tarea (por ejemplo, "sin observaciones" o "ver observaciones 3 a 7").
A7: Observaciones | B7: Una fila por observación, con el tomo, el capítulo y la página del PDF, para que se encuentre rápido. Si propones un cambio, escribe el texto como quieres que quede. Si corriges una cifra o un valor de referencia, pon la fuente (autor, año y DOI si lo tienes).
A8: Celdas amarillas | B8: Son las únicas que hay que llenar. El resto se calcula solo o viene del libro.
A9: Los casos | B9: Los pacientes son ficticios y sus exámenes salen de LabSim. Si un dato no calza con la historia, con el texto o con otro examen, anótalo como "Caso clínico": así se corrige también el simulador.
A10: protocolo_vs_libro | B10: En tus tareas aparecen los puntos pendientes que tocan tus capítulos (hoja y N.º). Léelos y deja tu opinión en tu hoja de este Excel, no en el otro archivo.
A11: No edites | B11: No edites los PDF ni el otro Excel: todo va en tu hoja de este archivo.
A12: Fecha de entrega | C12: ← la pone el editor antes de enviar
A13: Devolver a | B13: Nicolás Baier-Quezada, editor.
A15: Ejemplo de una observación (así se llena la tabla de tu hoja)
A16: N.º | B16: Tomo | C16: Capítulo | D16: Página | E16: Dónde | F16: Tipo | G16: Gravedad | H16: Observación | I16: Propuesta de cambio | J16: Fuente
A17: 1 | B17: II | C17: 17 | D17: 377 | E17: Caso 17.3, informe de PEAT | F17: Cifra, valor o referencia | G17: Importante | H17: La corrección a dB eHL del burst de 500 Hz no calza con la tabla de la página 365. | I17: Usar 20 dB, como en la tabla. | J17: BSA (2019), OD104-84
A18: La fila de ejemplo es inventada: no es una observación real.

Sheet Resumen
A1: Resumen por autor
A2: Se calcula solo con lo que cada uno marca en su hoja.
A4: Autor | B4: Hoja | C4: Capítulos que revisa como autor | D4: Capítulos cuyos casos revisa | E4: Puntos de protocolo | F4: Páginas a leer (aprox.) | G4: Tareas | H4: Listas | I4: Avance | J4: Observaciones anotadas
A5: Nicolás Baier-Quezada | B5: Baier | C5: 12 | D5: 0 | E5: 3 | F5: 236 | G5: =COUNTA(Baier!A6:A21) -> 16 | H5: =COUNTIF(Baier!H6:H21,"Listo") -> 0 | I5: =IF(G5=0,0,H5/G5) -> 0 | J5: =COUNTA(Baier!H26:H85) -> 0
A6: Cristina Vargas-Bustamante | B6: Vargas | C6: 13 | D6: 0 | E6: 18 | F6: 252 | G6: =COUNTA(Vargas!A6:A37) -> 32 | H6: =COUNTIF(Vargas!H6:H37,"Listo") -> 0 | I6: =IF(G6=0,0,H6/G6) -> 0 | J6: =COUNTA(Vargas!H42:H101) -> 0
A7: Geovana Casanova-Torres | B7: Casanova | C7: 8 | D7: 0 | E7: 0 | F7: 114 | G7: =COUNTA(Casanova!A6:A14) -> 9 | H7: =COUNTIF(Casanova!H6:H14,"Listo") -> 0 | I7: =IF(G7=0,0,H7/G7) -> 0 | J7: =COUNTA(Casanova!H19:H78) -> 0
A8: Pablo Poza-Nauto | B8: Poza | C8: 14 | D8: 0 | E8: 7 | F8: 276 | G8: =COUNTA(Poza!A6:A27) -> 22 | H8: =COUNTIF(Poza!H6:H27,"Listo") -> 0 | I8: =IF(G8=0,0,H8/G8) -> 0 | J8: =COUNTA(Poza!H32:H91) -> 0
A9: Fernanda López-Moncada | B9: López | C9: 2 | D9: 0 | E9: 0 | F9: 14 | G9: =COUNTA(López!A6:A8) -> 3 | H9: =COUNTIF(López!H6:H8,"Listo") -> 0 | I9: =IF(G9=0,0,H9/G9) -> 0 | J9: =COUNTA(López!H13:H72) -> 0
A10: Vanessa Uribe-Hernández | B10: Uribe | C10: 17 | D10: 0 | E10: 9 | F10: 252 | G10: =COUNTA(Uribe!A6:A32) -> 27 | H10: =COUNTIF(Uribe!H6:H32,"Listo") -> 0 | I10: =IF(G10=0,0,H10/G10) -> 0 | J10: =COUNTA(Uribe!H37:H96) -> 0
A11: Carlos Moreira-Quichahual | B11: Moreira | C11: 8 | D11: 0 | E11: 3 | F11: 136 | G11: =COUNTA(Moreira!A6:A17) -> 12 | H11: =COUNTIF(Moreira!H6:H17,"Listo") -> 0 | I11: =IF(G11=0,0,H11/G11) -> 0 | J11: =COUNTA(Moreira!H22:H81) -> 0
A12: Benjamín Catipillán-Ulloa | B12: Catipillán | C12: 1 | D12: 19 | E12: 0 | F12: 216 | G12: =COUNTA(Catipillán!A6:A26) -> 21 | H12: =COUNTIF(Catipillán!H6:H26,"Listo") -> 0 | I12: =IF(G12=0,0,H12/G12) -> 0 | J12: =COUNTA(Catipillán!H31:H90) -> 0
A13: Jocelyn Vallejos-Sandoval | B13: Vallejos | C13: 0 | D13: 19 | E13: 0 | F13: 203 | G13: =COUNTA(Vallejos!A6:A25) -> 20 | H13: =COUNTIF(Vallejos!H6:H25,"Listo") -> 0 | I13: =IF(G13=0,0,H13/G13) -> 0 | J13: =COUNTA(Vallejos!H30:H89) -> 0
A14: Total | C14: =SUM(C5:C13) -> 75 | D14: =SUM(D5:D13) -> 38 | E14: =SUM(E5:E13) -> 40 | F14: =SUM(F5:F13) -> 1699 | G14: =SUM(G5:G13) -> 162 | H14: =SUM(H5:H13) -> 0 | I14: =IF(G14=0,0,H14/G14) -> 0 | J14: =SUM(J5:J13) -> 0
A15: Páginas a leer: las de los capítulos que revisa como autor, más la mitad de las páginas de los capítulos cuyos casos revisa (solo lee los casos).
A16: Cada capítulo lo revisa uno solo de sus firmantes, repartido por páginas para que la carga quede pareja; los demás firmantes pueden comentarlo igual.

Sheet Baier
A1: Nicolás Baier-Quezada
A2: Editor. Electrofisiología, física acústica y salud ocupacional
A4: Tus tareas
A5: N.º | B5: Tomo | C5: Capítulo | D5: Título | E5: Páginas del PDF | F5: Qué revisar | G5: Con quién lo compartes | H5: Estado | I5: Comentario
A6: 1 | B6: I y II | C6: — | D6: Autoras y autores | E6: I: 9; II: 9 | F6: Revisa tu ficha: nombre, títulos, afiliación, áreas y ORCID. | G6: — | H6: Pendiente
A7: 2 | B7: I | C7: B4 | D7: Física | E7: 61–80 | F7: Como autor: contenido técnico y procedimiento, valores de referencia y sus citas, figuras y pies, y los casos de práctica si el capítulo los tiene. | G7: — | H7: Pendiente
A8: 3 | B8: I | C8: H9 | D8: Emisiones otoacústicas | E8: 201–216 | F8: Como autor: contenido técnico y procedimiento, valores de referencia y sus citas, figuras y pies, y los casos de práctica si el capítulo los tiene. | G8: Cristina | H8: Pendiente
A9: 4 | B9: I | C9: H10 | D9: Potenciales evocados auditivos de tronco | E9: 217–234 | F9: Como autor: contenido técnico y procedimiento, valores de referencia y sus citas, figuras y pies, y los casos de práctica si el capítulo los tiene. | G9: Cristina | H9: Pendiente
A10: 5 | B10: I | C10: H11 | D10: Electrococleografía | E10: 235–246 | F10: Como autor: contenido técnico y procedimiento, valores de referencia y sus citas, figuras y pies, y los casos de práctica si el capítulo los tiene. | G10: Cristina | H10: Pendiente
A11: 6 | B11: I | C11: H12 | D11: VEMP | E11: 247–264 | F11: Como autor: contenido técnico y procedimiento, valores de referencia y sus citas, figuras y pies, y los casos de práctica si el capítulo los tiene. | G11: Pablo | H11: Pendiente
A12: 7 | B12: I | C12: H13 | D12: Potenciales de estado estable | E12: 265–274 | F12: Como autor: contenido técnico y procedimiento, valores de referencia y sus citas, figuras y pies, y los casos de práctica si el capítulo los tiene. | G12: Cristina | H12: Pendiente
A13: 8 | B13: I | C13: H14 | D13: Potenciales de latencia media y tardía | E13: 275–288 | F13: Como autor: contenido técnico y procedimiento, valores de referencia y sus citas, figuras y pies, y los casos de práctica si el capítulo los tiene. | G13: Cristina | H13: Pendiente
A14: 9 | B14: II | C14: 12 | D14: El tronco | E14: 243–268 | F14: Como autor: el razonamiento clínico, los cuadros, las cifras y sus citas, las figuras. Sus 5 casos los revisa Jocelyn, pero puedes comentarlos. | G14: Cristina | H14: Pendiente
A15: 10 | B15: II | C15: 13 | D15: Oye pero no entiende | E15: 269–292 | F15: Como autor: el razonamiento clínico, los cuadros, las cifras y sus citas, las figuras. Sus 4 casos los revisa Benjamín, pero puedes comentarlos. | G15: Cristina | H15: Pendiente
A16: 11 | B16: II | C16: 15 | D16: Cuando también cae la ósea | E16: 317–340 | F16: Como autor: el razonamiento clínico, los cuadros, las cifras y sus citas, las figuras. Sus 5 casos los revisa Jocelyn, pero puedes comentarlos. | G16: Cristina | H16: Pendiente
A17: 12 | B17: II | C17: 17 | D17: El lactante que se estudia | E17: 361–390 | F17: Como autor: el razonamiento clínico, los cuadros, las cifras y sus citas, las figuras. Sus 4 casos los revisa Jocelyn, pero puedes comentarlos. | G17: Cristina | H17: Pendiente
... A21: 16 | B21: — | C21: H9 | D21: protocolo_vs_libro, hoja "Actualizaciones", N.º 36: "Tiempo: 7,76 ms" en TEOAE | E21: — | F21: Verificación pendiente: si sabes la respuesta o la fuente, anótala. | G21: Lo decide el equipo | H21: Pendiente
A24: Tus observaciones (una por fila; el ejemplo está en la hoja Léeme)
A25: N.º | B25: Tomo | C25: Capítulo | D25: Página | E25: Dónde (sección, caso, figura, tabla) | F25: Tipo | G25: Gravedad | H25: Observación | I25: Propuesta de cambio y fuente
A26: 1
A27: 2
A28: 3
A29: 4
A30: 5
A31: 6
A32: 7
A33: 8
A34: 9
A35: 10
A36: 11
A37: 12
... A85: 60

Sheet Vargas
A1: Cristina Vargas-Bustamante
A2: Audiología y electrofisiología
A4: Tus tareas
A5: N.º | B5: Tomo | C5: Capítulo | D5: Título | E5: Páginas del PDF | F5: Qué revisar | G5: Con quién lo compartes | H5: Estado | I5: Comentario
A6: 1 | B6: I y II | C6: — | D6: Autoras y autores | E6: I: 9; II: 9 | F6: Revisa tu ficha: nombre, títulos, afiliación, áreas y ORCID. Falta: ORCID; envíalo al editor. | G6: — | H6: Pendiente
A7: 2 | B7: I | C7: H2 | D7: Acumetría | E7: 107–116 | F7: Como autor: contenido técnico y procedimiento, valores de referencia y sus citas, figuras y pies, y los casos de práctica si el capítulo los tiene. | G7: Vanessa | H7: Pendiente
A8: 3 | B8: I | C8: H3 | D8: Audiometría tonal | E8: 117–140 | F8: Como autor: contenido técnico y procedimiento, valores de referencia y sus citas, figuras y pies, y los casos de práctica si el capítulo los tiene. | G8: Vanessa | H8: Pendiente
A9: 4 | B9: I | C9: H4 | D9: Enmascaramiento | E9: 141–150 | F9: Como autor: contenido técnico y procedimiento, valores de referencia y sus citas, figuras y pies, y los casos de práctica si el capítulo los tiene. | G9: Vanessa | H9: Pendiente
A10: 5 | B10: I | C10: H7 | D10: Impedanciometría | E10: 175–188 | F10: Como autor: contenido técnico y procedimiento, valores de referencia y sus citas, figuras y pies, y los casos de práctica si el capítulo los tiene. | G10: Vanessa | H10: Pendiente
A11: 6 | B11: II | C11: 5 | D11: Envejecer oyendo | E11: 91–104 | F11: Como autor: el razonamiento clínico, los cuadros, las cifras y sus citas, las figuras. Sus 2 casos los revisa Benjamín, pero puedes comentarlos. | G11: Vanessa | H11: Pendiente
A12: 7 | B12: II | C12: 6 | D12: Ruido | E12: 105–122 | F12: Como autor: el razonamiento clínico, los cuadros, las cifras y sus citas, las figuras. Sus 4 casos los revisa Jocelyn, pero puedes comentarlos. | G12: Nicolás, Vanessa | H12: Pendiente
A13: 8 | B13: II | C13: 7 | D13: De un día para otro | E13: 123–146 | F13: Como autor: el razonamiento clínico, los cuadros, las cifras y sus citas, las figuras. Sus 5 casos los revisa Benjamín, pero puedes comentarlos. | G13: Vanessa | H13: Pendiente
A14: 9 | B14: II | C14: 9 | D14: Hidrops | E14: 165–180 | F14: Como autor: el razonamiento clínico, los cuadros, las cifras y sus citas, las figuras. Sus 2 casos los revisa Benjamín, pero puedes comentarlos. | G14: Nicolás | H14: Pendiente
A15: 10 | B15: II | C15: 10 | D15: Lo que viene en la familia | E15: 181–206 | F15: Como autor: el razonamiento clínico, los cuadros, las cifras y sus citas, las figuras. Sus 5 casos los revisa Jocelyn, pero puedes comentarlos. | G15: Vanessa | H15: Pendiente
A16: 11 | B16: II | C16: 11 | D16: Asimetría que no cierra | E16: 209–242 | F16: Como autor: el razonamiento clínico, los cuadros, las cifras y sus citas, las figuras. Sus 6 casos los revisa Benjamín, pero puedes comentarlos. | G16: Nicolás | H16: Pendiente
A17: 12 | B17: II | C17: 14 | D17: Lo que mueve el ABR sin ser el oído | E17: 293–314 | F17: Como autor: el razonamiento clínico, los cuadros, las cifras y sus citas, las figuras. Sus 4 casos los revisa Jocelyn, pero puedes comentarlos. | G17: Nicolás | H17: Pendiente
... A37: 32 | B37: — | C37: H7, caps. 2 y 3 | D37: protocolo_vs_libro, hoja "Actualizaciones", N.º 27: Nombre de la prueba tubaria | E37: — | F37: Verificación pendiente: si sabes la respuesta o la fuente, anótala. | G37: Lo decide el equipo | H37: Pendiente
A40: Tus observaciones (una por fila; el ejemplo está en la hoja Léeme)
A41: N.º | B41: Tomo | C41: Capítulo | D41: Página | E41: Dónde (sección, caso, figura, tabla) | F41: Tipo | G41: Gravedad | H41: Observación | I41: Propuesta de cambio y fuente
A42: 1
A43: 2
A44: 3
A45: 4
A46: 5
A47: 6
A48: 7
A49: 8
A50: 9
A51: 10
A52: 11
A53: 12
... A101: 60

Sheet Casanova
A1: Geovana Casanova-Torres
A2: Audífonos y procesamiento auditivo central
A4: Tus tareas
A5: N.º | B5: Tomo | C5: Capítulo | D5: Título | E5: Páginas del PDF | F5: Qué revisar | G5: Con quién lo compartes | H5: Estado | I5: Comentario
A6: 1 | B6: I y II | C6: — | D6: Autoras y autores | E6: I: 9; II: 9 | F6: Revisa tu ficha: nombre, títulos, afiliación, áreas y ORCID. | G6: — | H6: Pendiente
A7: 2 | B7: I | C7: B5 | D7: Salud pública y prevención en ORL | E7: 81–90 | F7: Como autor: contenido técnico y procedimiento, valores de referencia y sus citas, figuras y pies, y los casos de práctica si el capítulo los tiene. | G7: — | H7: Pendiente
A8: 3 | B8: I | C8: H15 | D8: Procesamiento auditivo central | E8: 289–304 | F8: Como autor: contenido técnico y procedimiento, valores de referencia y sus citas, figuras y pies, y los casos de práctica si el capítulo los tiene. | G8: — | H8: Pendiente
A9: 4 | B9: I | C9: H21 | D9: Prueba de audífonos | E9: 369–372 | F9: Como autor: contenido técnico y procedimiento, valores de referencia y sus citas, figuras y pies, y los casos de práctica si el capítulo los tiene. | G9: — | H9: Pendiente
A10: 5 | B10: I | C10: H22 | D10: Revisión y medición electroacústica del audífono | E10: 373–382 | F10: Como autor: contenido técnico y procedimiento, valores de referencia y sus citas, figuras y pies, y los casos de práctica si el capítulo los tiene. | G10: — | H10: Pendiente
A11: 6 | B11: I | C11: H23 | D11: Acúfeno: impacto, modelos y terapias sonoras | E11: 383–392 | F11: Como autor: contenido técnico y procedimiento, valores de referencia y sus citas, figuras y pies, y los casos de práctica si el capítulo los tiene. | G11: — | H11: Pendiente
A12: 7 | B12: II | C12: 28 | D12: El primer audífono | E12: 637–656 | F12: Como autor: el razonamiento clínico, los cuadros, las cifras y sus citas, las figuras. Sus 4 casos los revisa Jocelyn, pero puedes comentarlos. | G12: — | H12: Pendiente
A13: 8 | B13: II | C13: 29 | D13: Cuando el audífono no alcanza | E13: 657–676 | F13: Como autor: el razonamiento clínico, los cuadros, las cifras y sus citas, las figuras. Sus 4 casos los revisa Benjamín, pero puedes comentarlos. | G13: — | H13: Pendiente
A14: 9 | B14: II | C14: 30 | D14: Oír y no entender | E14: 677–700 | F14: Como autor: el razonamiento clínico, los cuadros, las cifras y sus citas, las figuras. Sus 3 casos los revisa Jocelyn, pero puedes comentarlos. | G14: — | H14: Pendiente
A17: Tus observaciones (una por fila; el ejemplo está en la hoja Léeme)
A18: N.º | B18: Tomo | C18: Capítulo | D18: Página | E18: Dónde (sección, caso, figura, tabla) | F18: Tipo | G18: Gravedad | H18: Observación | I18: Propuesta de cambio y fuente
A19: 1
A20: 2
A21: 3
A22: 4
A23: 5
A24: 6
A25: 7
A26: 8
A27: 9
A28: 10
A29: 11
A30: 12
... A78: 60

Sheet Poza
A1: Pablo Poza-Nauto
A2: Evaluación y rehabilitación vestibular
A4: Tus tareas
A5: N.º | B5: Tomo | C5: Capítulo | D5: Título | E5: Páginas del PDF | F5: Qué revisar | G5: Con quién lo compartes | H5: Estado | I5: Comentario
A6: 1 | B6: I y II | C6: — | D6: Autoras y autores | E6: I: 9; II: 9 | F6: Revisa tu ficha: nombre, títulos, afiliación, áreas y ORCID. | G6: — | H6: Pendiente
A7: 2 | B7: I | C7: H16 | D7: Examen vestibular con lentes de Frenzel y videonistagmografía | E7: 305–320 | F7: Como autor: contenido técnico y procedimiento, valores de referencia y sus citas, figuras y pies, y los casos de práctica si el capítulo los tiene. | G7: — | H7: Pendiente
A8: 3 | B8: I | C8: H17 | D8: Prueba calórica | E8: 321–330 | F8: Como autor: contenido técnico y procedimiento, valores de referencia y sus citas, figuras y pies, y los casos de práctica si el capítulo los tiene. | G8: — | H8: Pendiente
A9: 4 | B9: I | C9: H18 | D9: Video head impulse test (vHIT) | E9: 331–342 | F9: Como autor: contenido técnico y procedimiento, valores de referencia y sus citas, figuras y pies, y los casos de práctica si el capítulo los tiene. | G9: — | H9: Pendiente
A10: 5 | B10: I | C10: H19 | D10: Maniobras de diagnóstico y reposición | E10: 343–354 | F10: Como autor: contenido técnico y procedimiento, valores de referencia y sus citas, figuras y pies, y los casos de práctica si el capítulo los tiene. | G10: — | H10: Pendiente
A11: 6 | B11: I | C11: H20 | D11: Rehabilitación vestibular | E11: 355–368 | F11: Como autor: contenido técnico y procedimiento, valores de referencia y sus citas, figuras y pies, y los casos de práctica si el capítulo los tiene. | G11: — | H11: Pendiente
A12: 7 | B12: II | C12: 21 | D12: Vértigo agudo | E12: 467–490 | F12: Como autor: el razonamiento clínico, los cuadros, las cifras y sus citas, las figuras. Sus 4 casos los revisa Benjamín, pero puedes comentarlos. | G12: — | H12: Pendiente
A13: 8 | B13: II | C13: 22 | D13: Gira al acostarse | E13: 491–510 | F13: Como autor: el razonamiento clínico, los cuadros, las cifras y sus citas, las figuras. Sus 4 casos los revisa Jocelyn, pero puedes comentarlos. | G13: — | H13: Pendiente
A14: 9 | B14: II | C14: 23 | D14: Crisis que vuelven | E14: 511–536 | F14: Como autor: el razonamiento clínico, los cuadros, las cifras y sus citas, las figuras. Sus 4 casos los revisa Benjamín, pero puedes comentarlos. | G14: — | H14: Pendiente
A15: 10 | B15: II | C15: 24 | D15: Cuando fallan los dos lados | E15: 537–562 | F15: Como autor: el razonamiento clínico, los cuadros, las cifras y sus citas, las figuras. Sus 4 casos los revisa Jocelyn, pero puedes comentarlos. | G15: — | H15: Pendiente
A16: 11 | B16: II | C16: 25 | D16: Lo que viene de arriba | E16: 563–590 | F16: Como autor: el razonamiento clínico, los cuadros, las cifras y sus citas, las figuras. Sus 4 casos los revisa Benjamín, pero puedes comentarlos. | G16: — | H16: Pendiente
A17: 12 | B17: II | C17: 26 | D17: Una tercera ventana | E17: 591–610 | F17: Como autor: el razonamiento clínico, los cuadros, las cifras y sus citas, las figuras. Sus 3 casos los revisa Jocelyn, pero puedes comentarlos. | G17: — | H17: Pendiente
... A27: 22 | B27: — | C27: H19 | D27: protocolo_vs_libro, hoja "Otros avisos", N.º —: Dix-Hallpike: 30° o 45° | E27: — | F27: Aviso sin cerrar: di qué prefieres. | G27: Lo decide el equipo | H27: Pendiente
A30: Tus observaciones (una por fila; el ejemplo está en la hoja Léeme)
A31: N.º | B31: Tomo | C31: Capítulo | D31: Página | E31: Dónde (sección, caso, figura, tabla) | F31: Tipo | G31: Gravedad | H31: Observación | I31: Propuesta de cambio y fuente
A32: 1
A33: 2
A34: 3
A35: 4
A36: 5
A37: 6
A38: 7
A39: 8
A40: 9
A41: 10
A42: 11
A43: 12
... A91: 60

Sheet López
A1: Fernanda López-Moncada
A2: Fisiología e histología
A4: Tus tareas
A5: N.º | B5: Tomo | C5: Capítulo | D5: Título | E5: Páginas del PDF | F5: Qué revisar | G5: Con quién lo compartes | H5: Estado | I5: Comentario
A6: 1 | B6: I y II | C6: — | D6: Autoras y autores | E6: I: 9; II: 9 | F6: Revisa tu ficha: nombre, títulos, afiliación, áreas y ORCID. | G6: — | H6: Pendiente
A7: 2 | B7: I | C7: B2 | D7: Fisiología auditiva y vestibular | E7: 43–44 | F7: Como autor: contenido técnico y procedimiento, valores de referencia y sus citas, figuras y pies, y los casos de práctica si el capítulo los tiene. | G7: — | H7: Pendiente
A8: 3 | B8: I | C8: B3 | D8: Histología | E8: 45–56 | F8: Como autor: contenido técnico y procedimiento, valores de referencia y sus citas, figuras y pies, y los casos de práctica si el capítulo los tiene. | G8: — | H8: Pendiente
A11: Tus observaciones (una por fila; el ejemplo está en la hoja Léeme)
A12: N.º | B12: Tomo | C12: Capítulo | D12: Página | E12: Dónde (sección, caso, figura, tabla) | F12: Tipo | G12: Gravedad | H12: Observación | I12: Propuesta de cambio y fuente
A13: 1
A14: 2
A15: 3
A16: 4
A17: 5
A18: 6
A19: 7
A20: 8
A21: 9
A22: 10
A23: 11
A24: 12
... A72: 60

Sheet Uribe
A1: Vanessa Uribe-Hernández
A2: Audiología y rinología
A4: Tus tareas
A5: N.º | B5: Tomo | C5: Capítulo | D5: Título | E5: Páginas del PDF | F5: Qué revisar | G5: Con quién lo compartes | H5: Estado | I5: Comentario
A6: 1 | B6: I y II | C6: — | D6: Autoras y autores | E6: I: 9; II: 9 | F6: Revisa tu ficha: nombre, títulos, afiliación, áreas y ORCID. | G6: — | H6: Pendiente
A7: 2 | B7: I | C7: H1 | D7: Anamnesis, otoscopía y lavado de oídos | E7: 93–106 | F7: Como autor: contenido técnico y procedimiento, valores de referencia y sus citas, figuras y pies, y los casos de práctica si el capítulo los tiene. | G7: Cristina | H7: Pendiente
A8: 3 | B8: I | C8: H5 | D8: Logoaudiometría y campo dinámico | E8: 151–160 | F8: Como autor: contenido técnico y procedimiento, valores de referencia y sus citas, figuras y pies, y los casos de práctica si el capítulo los tiene. | G8: Cristina | H8: Pendiente
A9: 4 | B9: I | C9: H6 | D9: Pruebas supraliminares | E9: 161–174 | F9: Como autor: contenido técnico y procedimiento, valores de referencia y sus citas, figuras y pies, y los casos de práctica si el capítulo los tiene. | G9: Cristina | H9: Pendiente
A10: 5 | B10: I | C10: H8 | D10: Audiometría pediátrica y campo libre | E10: 189–200 | F10: Como autor: contenido técnico y procedimiento, valores de referencia y sus citas, figuras y pies, y los casos de práctica si el capítulo los tiene. | G10: Cristina | H10: Pendiente
A11: 6 | B11: I | C11: H25 | D11: Anamnesis rinológica y rinoscopía | E11: 415–426 | F11: Como autor: contenido técnico y procedimiento, valores de referencia y sus citas, figuras y pies, y los casos de práctica si el capítulo los tiene. | G11: — | H11: Pendiente
A12: 7 | B12: I | C12: H26 | D12: Rinomanometría anterior | E12: 427–440 | F12: Como autor: contenido técnico y procedimiento, valores de referencia y sus citas, figuras y pies, y los casos de práctica si el capítulo los tiene. | G12: — | H12: Pendiente
A13: 8 | B13: I | C13: H27 | D13: Rinometría acústica | E13: 441–452 | F13: Como autor: contenido técnico y procedimiento, valores de referencia y sus citas, figuras y pies, y los casos de práctica si el capítulo los tiene. | G13: — | H13: Pendiente
A14: 9 | B14: I | C14: H28 | D14: Olfatometría | E14: 453–462 | F14: Como autor: contenido técnico y procedimiento, valores de referencia y sus citas, figuras y pies, y los casos de práctica si el capítulo los tiene. | G14: — | H14: Pendiente
A15: 10 | B15: I | C15: H29 | D15: Prick test | E15: 463–472 | F15: Como autor: contenido técnico y procedimiento, valores de referencia y sus citas, figuras y pies, y los casos de práctica si el capítulo los tiene. | G15: — | H15: Pendiente
A16: 11 | B16: II | C16: 1 | D16: Antes de medir: el conducto | E16: 23–38 | F16: Como autor: el razonamiento clínico, los cuadros, las cifras y sus citas, las figuras. Sus 5 casos los revisa Benjamín, pero puedes comentarlos. | G16: Cristina | H16: Pendiente
A17: 12 | B17: II | C17: 2 | D17: Líquido detrás del tímpano | E17: 39–56 | F17: Como autor: el razonamiento clínico, los cuadros, las cifras y sus citas, las figuras. Sus 4 casos los revisa Jocelyn, pero puedes comentarlos. | G17: Cristina | H17: Pendiente
... A32: 27 | B32: — | C32: H6 | D32: protocolo_vs_libro, hoja "Otros avisos", N.º —: Maspetiol / Rosenberg | E32: — | F32: Aviso sin cerrar: di qué prefieres. | G32: Lo decide el equipo | H32: Pendiente
A35: Tus observaciones (una por fila; el ejemplo está en la hoja Léeme)
A36: N.º | B36: Tomo | C36: Capítulo | D36: Página | E36: Dónde (sección, caso, figura, tabla) | F36: Tipo | G36: Gravedad | H36: Observación | I36: Propuesta de cambio y fuente
A37: 1
A38: 2
A39: 3
A40: 4
A41: 5
A42: 6
A43: 7
A44: 8
A45: 9
A46: 10
A47: 11
A48: 12
... A96: 60

Sheet Moreira
A1: Carlos Moreira-Quichahual
A2: Espirometría, sueño y salud ocupacional
A4: Tus tareas
A5: N.º | B5: Tomo | C5: Capítulo | D5: Título | E5: Páginas del PDF | F5: Qué revisar | G5: Con quién lo compartes | H5: Estado | I5: Comentario
A6: 1 | B6: I y II | C6: — | D6: Autoras y autores | E6: I: 9; II: 9 | F6: Revisa tu ficha: nombre, títulos, afiliación, áreas y ORCID. | G6: — | H6: Pendiente
A7: 2 | B7: I | C7: H24 | D7: Audiometría ocupacional y vigilancia del ruido | E7: 393–414 | F7: Como autor: contenido técnico y procedimiento, valores de referencia y sus citas, figuras y pies, y los casos de práctica si el capítulo los tiene. | G7: Nicolás | H7: Pendiente
A8: 3 | B8: I | C8: H30 | D8: Espirometría | E8: 473–490 | F8: Como autor: contenido técnico y procedimiento, valores de referencia y sus citas, figuras y pies, y los casos de práctica si el capítulo los tiene. | G8: Vanessa | H8: Pendiente
A9: 4 | B9: I | C9: H31 | D9: Polisomnografía y poligrafía respiratoria | E9: 491–502 | F9: Como autor: contenido técnico y procedimiento, valores de referencia y sus citas, figuras y pies, y los casos de práctica si el capítulo los tiene. | G9: Vanessa | H9: Pendiente
A10: 5 | B10: I | C10: H32 | D10: CPAP y dispositivos de avance mandibular | E10: 503–516 | F10: Como autor: contenido técnico y procedimiento, valores de referencia y sus citas, figuras y pies, y los casos de práctica si el capítulo los tiene. | G10: Vanessa | H10: Pendiente
A11: 6 | B11: II | C11: 33 | D11: El trabajador expuesto a ruido | E11: 749–762 | F11: Como autor: el razonamiento clínico, los cuadros, las cifras y sus citas, las figuras. Sus 3 casos los revisa Jocelyn, pero puedes comentarlos. | G11: Nicolás | H11: Pendiente
A12: 7 | B12: II | C12: 34 | D12: El caso médico-legal | E12: 763–786 | F12: Como autor: el razonamiento clínico, los cuadros, las cifras y sus citas, las figuras. Sus 3 casos los revisa Benjamín, pero puedes comentarlos. | G12: Nicolás | H12: Pendiente
A13: 8 | B13: II | C13: 37 | D13: Nariz y pulmón | E13: 825–836 | F13: Como autor: el razonamiento clínico, los cuadros, las cifras y sus citas, las figuras. Sus 2 casos los revisa Benjamín, pero puedes comentarlos. | G13: Vanessa | H13: Pendiente
A14: 9 | B14: II | C14: 38 | D14: El que ronca | E14: 837–856 | F14: Como autor: el razonamiento clínico, los cuadros, las cifras y sus citas, las figuras. Sus 4 casos los revisa Jocelyn, pero puedes comentarlos. | G14: Vanessa | H14: Pendiente
A15: 10 | B15: — | C15: H30 | D15: protocolo_vs_libro, hoja "Decide tú", N.º 181: Criterio de obstrucción y de normalidad (clase) | E15: — | F15: Opina: ¿el libro vuelve al protocolo, se deja como está o se conversa? | G15: Lo decide el equipo | H15: Pendiente
A16: 11 | B16: — | C16: H30 | D16: protocolo_vs_libro, hoja "Decide tú", N.º 182: Respuesta al broncodilatador (clase) | E16: — | F16: Opina: ¿el libro vuelve al protocolo, se deja como está o se conversa? | G16: Lo decide el equipo | H16: Pendiente
A17: 12 | B17: — | C17: H32 | D17: protocolo_vs_libro, hoja "Decide tú", N.º 185: Primer control (clase) | E17: — | F17: Opina: ¿el libro vuelve al protocolo, se deja como está o se conversa? | G17: Lo decide el equipo | H17: Pendiente
A20: Tus observaciones (una por fila; el ejemplo está en la hoja Léeme)
A21: N.º | B21: Tomo | C21: Capítulo | D21: Página | E21: Dónde (sección, caso, figura, tabla) | F21: Tipo | G21: Gravedad | H21: Observación | I21: Propuesta de cambio y fuente
A22: 1
A23: 2
A24: 3
A25: 4
A26: 5
A27: 6
A28: 7
A29: 8
A30: 9
A31: 10
A32: 11
A33: 12
... A81: 60

Sheet Catipillán
A1: Benjamín Catipillán-Ulloa
A2: Revisor general de los casos clínicos
A4: Tus tareas
A5: N.º | B5: Tomo | C5: Capítulo | D5: Título | E5: Páginas del PDF | F5: Qué revisar | G5: Con quién lo compartes | H5: Estado | I5: Comentario
A6: 1 | B6: I y II | C6: — | D6: Autoras y autores | E6: I: 9; II: 9 | F6: Revisa tu ficha: nombre, títulos, afiliación, áreas y ORCID. | G6: — | H6: Pendiente
A7: 2 | B7: I | C7: B1 | D7: Anatomía | E7: 27–39 | F7: Como autor: contenido técnico y procedimiento, valores de referencia y sus citas, figuras y pies, y los casos de práctica si el capítulo los tiene. | G7: Nicolás, Vanessa | H7: Pendiente
A8: 3 | B8: II | C8: 1 | D8: Antes de medir: el conducto | E8: 23–38 | F8: Revisor de los 5 casos: que la historia calce con los exámenes y las figuras, los globos, las preguntas de cada paso, la guía docente, el informe y la conclusión. | G8: Autores: Cristina, Vanessa | H8: Pendiente
A9: 4 | B9: II | C9: 3 | D9: Membrana y cadena | E9: 57–74 | F9: Revisor de los 5 casos: que la historia calce con los exámenes y las figuras, los globos, las preguntas de cada paso, la guía docente, el informe y la conclusión. | G9: Autores: Cristina, Vanessa | H9: Pendiente
A10: 5 | B10: II | C10: 5 | D10: Envejecer oyendo | E10: 91–104 | F10: Revisor de los 2 casos: que la historia calce con los exámenes y las figuras, los globos, las preguntas de cada paso, la guía docente, el informe y la conclusión. | G10: Autores: Cristina, Vanessa | H10: Pendiente
A11: 6 | B11: II | C11: 7 | D11: De un día para otro | E11: 123–146 | F11: Revisor de los 5 casos: que la historia calce con los exámenes y las figuras, los globos, las preguntas de cada paso, la guía docente, el informe y la conclusión. | G11: Autores: Cristina, Vanessa | H11: Pendiente
A12: 7 | B12: II | C12: 9 | D12: Hidrops | E12: 165–180 | F12: Revisor de los 2 casos: que la historia calce con los exámenes y las figuras, los globos, las preguntas de cada paso, la guía docente, el informe y la conclusión. | G12: Autores: Nicolás, Cristina | H12: Pendiente
A13: 8 | B13: II | C13: 11 | D13: Asimetría que no cierra | E13: 209–242 | F13: Revisor de los 6 casos: que la historia calce con los exámenes y las figuras, los globos, las preguntas de cada paso, la guía docente, el informe y la conclusión. | G13: Autores: Nicolás, Cristina | H13: Pendiente
A14: 9 | B14: II | C14: 13 | D14: Oye pero no entiende | E14: 269–292 | F14: Revisor de los 4 casos: que la historia calce con los exámenes y las figuras, los globos, las preguntas de cada paso, la guía docente, el informe y la conclusión. | G14: Autores: Nicolás, Cristina | H14: Pendiente
A15: 10 | B15: II | C15: 16 | D15: Tamizaje: las primeras horas | E15: 343–360 | F15: Revisor de los 4 casos: que la historia calce con los exámenes y las figuras, los globos, las preguntas de cada paso, la guía docente, el informe y la conclusión. | G15: Autores: Nicolás, Cristina | H15: Pendiente
A16: 11 | B16: II | C16: 18 | D16: El ABR que engaña | E16: 393–414 | F16: Revisor de los 5 casos: que la historia calce con los exámenes y las figuras, los globos, las preguntas de cada paso, la guía docente, el informe y la conclusión. | G16: Autores: Nicolás, Cristina | H16: Pendiente
A17: 12 | B17: II | C17: 20 | D17: VEMP | E17: 441–464 | F17: Revisor de los 4 casos: que la historia calce con los exámenes y las figuras, los globos, las preguntas de cada paso, la guía docente, el informe y la conclusión. | G17: Autores: Pablo, Nicolás | H17: Pendiente
... A26: 21 | B26: II | C26: 37 | D26: Nariz y pulmón | E26: 825–836 | F26: Revisor de los 2 casos: que la historia calce con los exámenes y las figuras, los globos, las preguntas de cada paso, la guía docente, el informe y la conclusión. | G26: Autores: Carlos, Vanessa | H26: Pendiente
A29: Tus observaciones (una por fila; el ejemplo está en la hoja Léeme)
A30: N.º | B30: Tomo | C30: Capítulo | D30: Página | E30: Dónde (sección, caso, figura, tabla) | F30: Tipo | G30: Gravedad | H30: Observación | I30: Propuesta de cambio y fuente
A31: 1
A32: 2
A33: 3
A34: 4
A35: 5
A36: 6
A37: 7
A38: 8
A39: 9
A40: 10
A41: 11
A42: 12
... A90: 60

Sheet Vallejos
A1: Jocelyn Vallejos-Sandoval
A2: Revisora de los casos clínicos
A4: Tus tareas
A5: N.º | B5: Tomo | C5: Capítulo | D5: Título | E5: Páginas del PDF | F5: Qué revisar | G5: Con quién lo compartes | H5: Estado | I5: Comentario
A6: 1 | B6: I y II | C6: — | D6: Autoras y autores | E6: I: 9; II: 9 | F6: Revisa tu ficha: nombre, títulos, afiliación, áreas y ORCID. Falta: ORCID y afiliación (por confirmar); envíalo al editor. | G6: — | H6: Pendiente
A7: 2 | B7: II | C7: 2 | D7: Líquido detrás del tímpano | E7: 39–56 | F7: Revisor de los 4 casos: que la historia calce con los exámenes y las figuras, los globos, las preguntas de cada paso, la guía docente, el informe y la conclusión. | G7: Autores: Cristina, Vanessa | H7: Pendiente
A8: 3 | B8: II | C8: 4 | D8: Rigidez | E8: 75–88 | F8: Revisor de los 3 casos: que la historia calce con los exámenes y las figuras, los globos, las preguntas de cada paso, la guía docente, el informe y la conclusión. | G8: Autores: Cristina, Vanessa | H8: Pendiente
A9: 4 | B9: II | C9: 6 | D9: Ruido | E9: 105–122 | F9: Revisor de los 4 casos: que la historia calce con los exámenes y las figuras, los globos, las preguntas de cada paso, la guía docente, el informe y la conclusión. | G9: Autores: Nicolás, Cristina, Vanessa | H9: Pendiente
A10: 5 | B10: II | C10: 8 | D10: Lo que deja un tratamiento | E10: 147–164 | F10: Revisor de los 3 casos: que la historia calce con los exámenes y las figuras, los globos, las preguntas de cada paso, la guía docente, el informe y la conclusión. | G10: Autores: Cristina, Vanessa | H10: Pendiente
A11: 6 | B11: II | C11: 10 | D11: Lo que viene en la familia | E11: 181–206 | F11: Revisor de los 5 casos: que la historia calce con los exámenes y las figuras, los globos, las preguntas de cada paso, la guía docente, el informe y la conclusión. | G11: Autores: Cristina, Vanessa | H11: Pendiente
A12: 7 | B12: II | C12: 12 | D12: El tronco | E12: 243–268 | F12: Revisor de los 5 casos: que la historia calce con los exámenes y las figuras, los globos, las preguntas de cada paso, la guía docente, el informe y la conclusión. | G12: Autores: Nicolás, Cristina | H12: Pendiente
A13: 8 | B13: II | C13: 14 | D13: Lo que mueve el ABR sin ser el oído | E13: 293–314 | F13: Revisor de los 4 casos: que la historia calce con los exámenes y las figuras, los globos, las preguntas de cada paso, la guía docente, el informe y la conclusión. | G13: Autores: Nicolás, Cristina | H13: Pendiente
A14: 9 | B14: II | C14: 15 | D14: Cuando también cae la ósea | E14: 317–340 | F14: Revisor de los 5 casos: que la historia calce con los exámenes y las figuras, los globos, las preguntas de cada paso, la guía docente, el informe y la conclusión. | G14: Autores: Nicolás, Cristina | H14: Pendiente
A15: 10 | B15: II | C15: 17 | D15: El lactante que se estudia | E15: 361–390 | F15: Revisor de los 4 casos: que la historia calce con los exámenes y las figuras, los globos, las preguntas de cada paso, la guía docente, el informe y la conclusión. | G15: Autores: Nicolás, Cristina | H15: Pendiente
A16: 11 | B16: II | C16: 19 | D16: El paciente que no calza | E16: 415–438 | F16: Revisor de los 4 casos: que la historia calce con los exámenes y las figuras, los globos, las preguntas de cada paso, la guía docente, el informe y la conclusión. | G16: Autores: Cristina, Vanessa | H16: Pendiente
A17: 12 | B17: II | C17: 22 | D17: Gira al acostarse | E17: 491–510 | F17: Revisor de los 4 casos: que la historia calce con los exámenes y las figuras, los globos, las preguntas de cada paso, la guía docente, el informe y la conclusión. | G17: Autores: Pablo | H17: Pendiente
... A25: 20 | B25: II | C25: 38 | D25: El que ronca | E25: 837–856 | F25: Revisor de los 4 casos: que la historia calce con los exámenes y las figuras, los globos, las preguntas de cada paso, la guía docente, el informe y la conclusión. | G25: Autores: Carlos, Vanessa | H25: Pendiente
A28: Tus observaciones (una por fila; el ejemplo está en la hoja Léeme)
A29: N.º | B29: Tomo | C29: Capítulo | D29: Página | E29: Dónde (sección, caso, figura, tabla) | F29: Tipo | G29: Gravedad | H29: Observación | I29: Propuesta de cambio y fuente
A30: 1
A31: 2
A32: 3
A33: 4
A34: 5
A35: 6
A36: 7
A37: 8
A38: 9
A39: 10
A40: 11
A41: 12
... A89: 60
